key,description,en,es
ui_label:thank_you,win screen (bullet hell boss fight),Thank you for playing.,Gracias por jugar.
ui_label:game_over_text,game over screen (bullet hell boss fight),Terminated,Se terminó.
ui_label:soul_button,button text (bullet hell boss fight),Fight Back,Pelear
ui_label:shortcuts_label,options screen hint,Ctrl+M changes soundtrack,Ctrl+M para cambiar la música
ui_label:heart,[noun] (in-game resource),Heart,Corazón
ui_label:singularity,[noun] (in-game resource),Singularity,Singularidad
ui_label:death,"automated prestige timer ""Current: 47s | Best: 20s | Death:17s"" (granted by ""Death"" charm / tarot card)",Death,La Muerte
ui_label:current,"automated prestige timer ""Current: 47s | Best: 20s | Death:17s""",Current,Actual
ui_label:best,"automated prestige timer ""Current: 47s | Best: 20s | Death:17s""",Best,Mejor
ui_label:harvest_forest,button text,Harvest\nForest,Cosechar\nbosque
ui_label:harvest_forest_title,button on hover infobox title,Harvest Forest,Recolectar del bosque
ui_label:harvest_forest_info,button on hover infobox description,"Channel your substance into the exposed roots of The Dark Forest, exploiting it from within.","Canaliza tu sustancia en las raíces expuestas de El Bosque Oscuro, para beneficiarte desde dentro."
ui_label:watermark_title,WATERMARK,Official Game Page,Página oficial del juego.
ui_label:watermark_info,WATERMARK,"For the latest version, please verify that you are playing at the official URL, the only one I maintain and update.","Para la versión más reciente, por favor verifique que está jugando en la URL oficial, la única que recibe mantenimiento y actualizaciones."
ui_label:dark_forest_title,infobox on reopen game,The Dark Forest,El Bosque Oscuro
ui_label:dark_forest_info,infobox on reopen game,"You have awakened once more. Be wary, The Dark Forest never sleeps...","Has despertado una vez más. Sé cuidadoso, El Bosque Oscuro nunca duerme..."
ui_label:spirit_effect,bonus effect description - granting more passive damage by % increase,swordsman passive damage,daño de espadachín en segundo plano
ui_label:essence_effect,bonus effect description - granting more click damage by % increase,swordsman as click damage,daño de espadachín por clic
ui_label:shadow_effect,bonus effect description - granting more resources by % increase,resource net income,ingreso neto de recursos
ui_label:tab_info_unknown,[EMPTY],,
ui_label:tab_info_offline,[EMPTY],,
ui_label:tab_info_settings,[EMPTY],,
ui_label:tab_info_world,[EMPTY],,
ui_label:tab_info_manager,[EMPTY],,
ui_label:tab_info_enemy,[EMPTY],,
ui_label:tab_info_soul,[EMPTY],,
ui_label:tab_info_starway,[EMPTY],,
ui_label:name,"save file text (""Name: MySaveFile1"")",Name,Nombre
ui_label:playtime,save file text,Playtime,Tiempo de juego
ui_label:last_played,save file text,Last Played,Última partida
ui_label:load,save file text,Load,Cargar
ui_label:delete,save file text,Delete,Borrar
ui_label:new_game,save file text,New Game,Nueva partida
ui_label:import,save file text,Import,Importar
ui_label:import_tooltip,save file text,Restore your progress from a previous session.,Recupera tu avance de una sesión anterior.
ui_label:import_placeholder,save file text,Paste save file code here.,Pega el código de guardar archivo aquí.
ui_label:import_error,save file text,Import failed. Please check your save file code and try again.,"Fallo al importar. Por favor, revise el código de guardar archivo e intente otra vez."
ui_label:export,save file text,Export,Exportar
ui_label:export_tooltip,save file text,Copy and save this code to restore your progress later.,Copia y guarda este código para restaurar tu avance más tarde.
ui_label:import_title,save file text,Import Save,Guardar e importar.
ui_label:export_title,save file text,Export Save,Guardar y exportar.
ui_label:accept,save file text,Accept,Aceptar
ui_label:dear_diary,title of diary dialog,Dear Diary,"Querido diario,"
ui_label:resource_storage,title or resource list dialog,Resource Storage,Almacén de recursos
ui_label:upgrade,label for upgrade button,Upgrade,Mejorar
ui_label:cost,"label for price of buying, crafting or upgrading something (""Cost: 100 wood, 20 brick"")",Cost,Costo
ui_label:produce,"label for output amount e.g. passive income of resources (""Produce: 10 stone, 2 coal, 1 iron"")",Produce,Producción
ui_label:deaths_door,"title of ""defeated enemy"" choice dialog",DEATH'S DOOR,LA PUERTA DE LA MUERTE
ui_label:deaths_door_title,"hover infobox title of ""defeated enemy"" choice dialog",Knocking on Death's Door,Llamando a La Puerta de la Muerte
ui_label:deaths_door_info,"hover infobox description of ""defeated enemy"" choice dialog","The entity falls, its life hangs by a thread. Make your choice.","La entidad cae, su vida pende de un hilo. Toma una decisión."
ui_label:deaths_door_first,"button text on ""defeated enemy"" choice dialog (1)",Execute,Ejecutar
ui_label:deaths_door_second,"button text on ""defeated enemy"" choice dialog (2)",Absolve,Perdonar
ui_label:deaths_door_first_title,button hover infobox title (1),Execution,Ejecución
ui_label:deaths_door_second_title,button hover infobox title (2),Absolution,Perdón
ui_label:deaths_door_first_info,button hover infobox description (1),"Destroy the creature, consuming the tormented spirit into your own essence.",Destruye a la criatura y consume al espíritu atormentado en tu propia esencia.
ui_label:deaths_door_second_info,button hover infobox description (2),"Free the creature, releasing the spirit from the corrupted flesh prison.",Suelta a la criatura y libera al espíritu de su putrefacta prisión de carne.
ui_label:offline_1,re-open game dialog info text #1,You were away for {0}. \n\n,Estuviste ausente por {0}. \n\n
ui_label:offline_2,re-open game dialog info text #2,Unhappy population will refuse to work while not observed.,Una población disconforme se negará a trabajar cuando no hay supervisión.
ui_label:offline_3,re-open game dialog info text #3,Make sure your resources are not decreasing to keep your population happy:,Asegúrate de que tus recursos no disminuyen para mantener conforme a tu población.
ui_label:offline_4,re-open game dialog info text #4,"Since your last activity, population generated:",Población generada desde tu última acción:
ui_label:master,options menu settings label (slider for volume),Master,Principal
ui_label:music,options menu settings label (slider for volume),Music,Música
ui_label:sfx,options menu settings label (slider for volume),SFX,SFX
ui_label:shake,options menu settings label (slider for effect strength; shake animation strength),Shake,Vibración
ui_label:typing,options menu settings label (slider for effect strength; typing animation speed) ,Typing,Tecleo
ui_label:windowed,options menu settings label (window mode),Windowed,En ventana
ui_label:fullscreen,options menu settings label (window mode),Fullscreen,Pantalla completa
ui_label:heart_title,heart screen on hover infobox title,Heart Of The Dark Forest,Corazón de El Bosque Oscuro
ui_label:heart_info,heart screen on hover infobox description,Occult force pulses with a sinister rhythm... I feel it like my own... No... Y... Yes?,Una fuerza oculta late con un ritmo siniestro... La siento como si fuera mis latidos... No... S... ¿Sí?
ui_label:heart_dialog,prestige dialog title,Destroy the Heart,Destruir el corazón
ui_label:heart_yes,prestige button text (confirm),I Am Ready,Estoy listo
ui_label:heart_no,prestige button text (cancel),Not Yet,Aún no
ui_label:heart_prestige_info_1,prestige info #1,"You will be reborn.\n\nYou will convert each ""Infinity""\nresource into a Singularity.","Renacerás.\n\nConvertirás cada recurso\n""Infinito"" en una Singularidad."
ui_label:heart_prestige_info_2,prestige info #2,"You will leave this world.\n\nYou will keep only the divine:\nSubstance, Soulstone, Singularity.","Abandonarás este mundo.\n\nSolo conservarás lo divino:\nsustancia, piedra del alma, singularidad."
ui_label:craft,label for crafting button,Craft,Fabricar
ui_label:execute_mode_button,toggle button option for automated enemy death door mechanic (1),Always Execute,Ejecutar siempre
ui_label:manual_mode_button,toggle button option for automated enemy death door mechanic (2),Manual Decision,Decisión manual
ui_label:absolve_mode_button,toggle button option for automated enemy death door mechanic (3),Always Absolve,Perdonar siempre
ui_label:normal_mode_button,toggle button for automated population management (1),Local Autonomy,Autonomía local
ui_label:smart_mode_button,toggle button for automated population management (2),Absolute Rule,Regla absoluta
ui_label:auto_mode_button,toggle button for automated population management (3),Freemasonry,Masonería
ui_label:normal_mode_button_info,on hover infobox description (1),Increment individual population roles.,Incrementar roles individuales de la población.
ui_label:smart_mode_button_info,on hover infobox description (2),Incrementing a population role will also increment all required roles automatically.,Incrementar un rol de población también incrementará todos los roles requeridos automáticamente.
ui_label:auto_mode_button_info,on hover infobox description (3),"While active, excess peasants will be automatically assigned to masons.","Mientras está activado, el exceso de aldeanos será automáticamente asignado a los masones."
ui_label:infinity_progress_1,"e.g. ""50% to Infinity (Wood)"" - progress counter towards infinite amount of a resource",{0}% to Infinity ({1}),{0} % para el Infinito ({1})
ui_label:infinity_progress_2,"e.g. ""4 of 16 Infinity collected"" - progress towards making all amounts of all resources infinite",{1} of {2} Infinity collected,{1} de {2} Infinitos reunidos
ui_label:prestige_condition_info,prestige info #3,Need at least 1 Infinity to break through.,Necesitas al menos 1 Infinito para avanzar en el camino.
ui_label:reborn_1_line_2,prestige rebirth line - iteration 1. (inverse christian commandment),1. Worship no power above your own. Let your ambition be your catalyst.,1. No veneres ningún poder sobre el tuyo. Deja que tu ambición sea tu catalizador.
ui_label:reborn_1_line_1,[EMPTY],,
ui_label:reborn_2_line_2,prestige rebirth line - iteration 2. (inverse christian commandment),2. Craft your own idols and symbols. Let your creations channel the forces you seek to control.,2. Crea tus propios ídolos y símbolos. Deja que tus creaciones canalicen las fuerzas que buscas controlar.
ui_label:reborn_2_line_1,[EMPTY],,
ui_label:reborn_3_line_2,prestige rebirth line - iteration 3. (inverse christian commandment),3. Speak the names of ancient spirits with purpose. Invoke and bend them to your will.,3. Nombra a los espíritus antiguos con propósito. Invócalos y somételos a tu voluntad.
ui_label:reborn_3_line_1,[EMPTY],,
ui_label:reborn_4_line_2,prestige rebirth line - iteration 4. (inverse christian commandment),4. Let every moment be a relentless pursuit of power and domination.,4. Que cada momento sea una búsqueda implacable de poder y dominación.
ui_label:reborn_4_line_1,[EMPTY],,
ui_label:reborn_5_line_2,prestige rebirth line - iteration 5. (inverse christian commandment),"5. Respect those who wield greater power, until you can surpass them.","5. Respeta a quienes ejercen gran poder, hasta que los superes."
ui_label:reborn_5_line_1,[EMPTY],,
ui_label:reborn_6_line_2,prestige rebirth line - iteration 6. (inverse christian commandment),6. Murder without hesitation. Every substance harvested fuels your ascension.,6. Asesina sin dudar. Cada sustancia cosechada es combustible para tu ascenso.
ui_label:reborn_6_line_1,[EMPTY],,
ui_label:reborn_7_line_2,prestige rebirth line - iteration 7. (inverse christian commandment),7. Bind no being in loyalty but through your own might. Let alliances serve only your gain.,7. Forja lazos no de lealtad sino para tu propia fuerza. Haz que las alianzas existan solo para tu beneficio.
ui_label:reborn_7_line_1,[EMPTY],,
ui_label:reborn_8_line_2,prestige rebirth line - iteration 8. (inverse christian commandment),8. Claim what you desire. All creatures are yours to seize and manipulate.,8. Reclama lo que anhelas. Todas las criaturas son tuyas para tomarlas y manipularlas.
ui_label:reborn_8_line_1,[EMPTY],,
ui_label:reborn_9_line_2,prestige rebirth line - iteration 9. (inverse christian commandment),9. Deceive those who trust foolishly. Truth is a weapon best wielded with intent.,9. Engaña a aquellos de confianza ingenua. La verdad con intención es un arma bien empuñada.
ui_label:reborn_9_line_1,[EMPTY],,
ui_label:reborn_10_line_2,prestige rebirth line - iteration 10. (inverse christian commandment),"10. Covet all that empowers you. Seek to possess the relics of others, for all shall bow to your will.","10. Codicia todo lo que te da poder. Procura tener en tus manos las reliquias de otros, para que se arrodillen ante tu voluntad."
ui_label:reborn_10_line_1,[EMPTY],,
ui_label:reborn_11_line_2,prestige rebirth line - iteration 11. (inverse christian scripture),You are the darkness that consumes the world. - Wehttam 5:14,Eres la oscuridad que consume el mundo. - Oetam 5:14
ui_label:reborn_11_line_1,[EMPTY],,
ui_label:reborn_X_line_2,[EMPTY],,
ui_label:reborn_X_line_1,[EMPTY],,
npc_hover_info:cat,on hover infobox description (1) (cat npc),"Suspicious looking creature, somehow able to produce human speech.","Una criatura de desconfiar, que de alguna manera es capaz de producir habla humana."
npc_click_info:cat,on hover infobox description (2) (cat npc),I shiver at the thought of seeking it out. I. Will. Not. Seek. It. Out.,Me da escalofríos pensar en ir a buscarlo. Yo. No. Lo. Buscaré.
npc_hover_title:cat,on hover infobox title (1) (cat npc),Cat,Gato
npc_click_title:cat,on hover infobox title (2) (cat npc),Click The Cat ??,¿¿Hacer clic en el gato??
scale_settings_info:-1,population bulk management info,"Stop playing around, vessel of deceit.","Deja de tontear, jarrón de engaños."
scale_settings_info:1,population bulk management info,One by one.,Uno por uno.
scale_settings_info:10,population bulk management info,Ten faceless ones shall heed your call.,Diez de los sin rostro acudirán a tu llamado.
scale_settings_info:100,population bulk management info,A hundred rise.,Cien se levantan.
scale_settings_info:1000,population bulk management info,"A thousand lives, now at your beck and call.","Un millar de vidas, ahora a tu entera disposición."
scale_settings_info:10000,population bulk management info,Ten thousand shadow-born wake.,Un despertar de diez mil nacidos de las sombras.
scale_settings_info:100000,population bulk management info,A hundred thousand listen.,Cien mil escuchan.
scale_settings_info:1000000,population bulk management info,A million submit to your heartbeat.,Un millón se rinde a tus latidos.
scale_settings_info:10000000,population bulk management info,Ten million; by now the humans flow like rivers.,Diez millones; ahora las vidas humanas fluyen como ríos.
scale_settings_info:100000000,population bulk management info,A hundred million drone along.,Cien millones hablan todos juntos.
scale_settings_info:1000000000,population bulk management info,"A billion, dominated all at once.","Mil millones, dominados todos a la vez."
scale_settings_info:10000000000,population bulk management info,Ten billion. Greedy is your heart.,Diez mil millones. Así de codicioso es tu corazón.
scale_settings_info:100000000000,population bulk management info,"A hundred billion. And yet, you are empty still.","Cien mil millones. Y aun así, sigues vacío."
scale_settings_info:1000000000000,population bulk management info,"Trillion souls, all reduced to husks.","Un billón de almas, todas reducidas a cascarones."
scale_settings_info:10000000000000,population bulk management info,Ten trillion wails of agony follow your command.,Diez billones de lamentos en agonía siguen tus órdenes.
scale_settings_info:100000000000000,population bulk management info,A hundred trillion beings suffer.,Cien billones de seres sufren.
scale_settings_info:1000000000000000,population bulk management info,A quadrillion sapient beings; nothing to you.,Mil billones de seres sabios; no son nada para ti.
scale_settings_info:10000000000000000,population bulk management info,Ten quadrillion. World systems shudder at your thought.,Diez mil billones. Los sistemas mundiales se estremecen por tu pensar.
scale_settings_info:100000000000000000,population bulk management info,Begone. Begone. Begone. Begone. Begone. Begone. Begone.,Fuera. Fuera. Fuera. Fuera. Fuera. Fuera. Fuera.
enemy_data_title:ambassador,hover infobox title for enemy,The Ambassador Of Darkness,El embajador de la oscuridad
enemy_data_title:rabbit,hover infobox title for enemy,A Child Of Darkness,El hijo de la oscuridad
enemy_data_title:bird,hover infobox title for enemy,The Messenger Of Darkness,El mensajero de la oscuridad
enemy_data_title:wolf,hover infobox title for enemy,Soldier Of The Dark Forest,Soldado del Bosque Oscuro
enemy_data_title:void,hover infobox title for enemy,Lost Souls Of The Dark Forest,Las almas perdidas del Bosque Oscuro
enemy_data_title:spider,hover infobox title for enemy,Warden Of The Dark Forest,Guardabosques del Bosque Oscuro
enemy_data_title:dragon,hover infobox title for enemy,High Guardian Of Darkness,Gran guardián de la oscuridad
enemy_data_title:dino,hover infobox title for enemy,Ambassador Of Darkness,Embajador de la oscuridad
enemy_data_title:skeleton,hover infobox title for enemy,Acolyte Of Darkness,Discípulo de la oscuridad
enemy_data_title:slime,hover infobox title for enemy,"Slime, Prince Of Darkness","Slime, príncipe de la oscuridad"
enemy_data_title:angel,hover infobox title for enemy,"The Angel Of Death, Vessel Of Darkness","El Ángel de la Muerte, Vaso de La Oscuridad"
enemy_data_info:ambassador,hover infobox description for enemy,This ancient colossal beast blocks the way. It refuses to budge before you.,Esta antigua bestia colosal bloquea el camino. Se niega a cederte el paso.
enemy_data_info:rabbit,hover infobox description for enemy,"Innocent at a glance, it wishes not to be perceived.","Se ve inocente, desea que nadie lo note."
enemy_data_info:bird,hover infobox description for enemy,"The shadow-touched bird admonishes you: ""Stop your crusade at once, human,"" it cries out.","El pájaro espectral te advierte: ""Detén tu empresa de inmediato, humano"", dice."""
enemy_data_info:wolf,hover infobox description for enemy,"Advanced in age and without family, this silver-haired beast fights to protect the secrets of oak and moon.","De edad avanzada y sin familia, esta bestia de pelos plateados lucha para proteger los secretos del roble y de la luna."
enemy_data_info:void,hover infobox description for enemy,The trespassers turned ontologically unstable... aimlessly drifting through desolated reality.,Los intrusos ahora son ontológicamente inestables... yendo a la deriva sin propósito por una desolada realidad.
enemy_data_info:spider,hover infobox description for enemy,"The architect of boundaries, her webs help keep light intrusions at bay.","El arquitecto de los límites, sus telarañas ayudan a mantener a raya a pequeños intrusos."
enemy_data_info:dragon,hover infobox description for enemy,"Of shimmering scales and fiery eyes, the Dragon stands proud before the castle gates.","De escamas brillantes y ojos ardientes, el Dragón se yergue con orgullo frente a las puertas del castillo. "
enemy_data_info:dino,hover infobox description for enemy,"The primordial behemoth offers an alliance, provided you step no further; it knows it does so in vain.","El bégimo primordial ofrece una alianza, te ofrece no dar un paso más; él sabe que lo hace en vano."
enemy_data_info:skeleton,hover infobox description for enemy,"Reanimated relic with glowing bones, surrounded by infinitely echoing whispers.","Reliquia resuscitada con huesos brillantes, rodeada de ecos infinitos de susurros."
enemy_data_info:slime,hover infobox description for enemy,"Vile ooze, rapid in movement and momentum, unwilling to talk.","Infame lodo, rápido de movimiento y fuerza, sin ganas de hablar."
enemy_data_info:angel,hover infobox description for enemy,"Gray flames surround the celestial being, its face covered by a silver mask... It remains silent.","Flamas grises rodean al ser celestial, su rostro cubierto por una máscara plateada... Permanece en silencio."
enemy_data_option_title:rabbit-2,hover infobox title for enemy (spared variation),Spirit of Child,Espíritu del infante
enemy_data_option_title:bird-2,hover infobox title for enemy (spared variation),Spirit of Messenger,Espíritu del mensajero
enemy_data_option_title:wolf-2,hover infobox title for enemy (spared variation),Spirit of Beast,Espíritu de la bestia
enemy_data_option_title:void-2,hover infobox title for enemy (spared variation),Spirit of Void,Espíritu del vacío
enemy_data_option_title:spider-2,hover infobox title for enemy (spared variation),Spirit of Warden,Espíritu del guardabosques
enemy_data_option_title:dragon-2,hover infobox title for enemy (spared variation),Spirit of Guardian,Espíritu del guardián
enemy_data_option_title:dino-2,hover infobox title for enemy (spared variation),Spirit of Ambassador,Espíritu del embajador
enemy_data_option_title:skeleton-2,hover infobox title for enemy (spared variation),Spirit of Acolyte,Espíritu del discípulo 
enemy_data_option_title:slime-2,hover infobox title for enemy (spared variation),Spirit of Prince,Espíritu del príncipe
enemy_data_option_title:angel-2,hover infobox title for enemy (spared variation),Spirit of Death,Espíritu de la muerte
enemy_data_option_title:rabbit-1,hover infobox title for enemy (killed variation),Essence Of Child,Esencia del infante
enemy_data_option_title:bird-1,hover infobox title for enemy (killed variation),Essence Of Messenger,Esencia del mensajero
enemy_data_option_title:wolf-1,hover infobox title for enemy (killed variation),Essence Of Beast,Esencia de la bestia
enemy_data_option_title:void-1,hover infobox title for enemy (killed variation),Essence Of Void,Esencia del vacío´
enemy_data_option_title:spider-1,hover infobox title for enemy (killed variation),Essence of Warden,Esencia del guardabosques
enemy_data_option_title:dragon-1,hover infobox title for enemy (killed variation),Essence of Guardian,Esencia del guardián
enemy_data_option_title:dino-1,hover infobox title for enemy (killed variation),Essence Of Ambassador,Esencia del embajador
enemy_data_option_title:skeleton-1,hover infobox title for enemy (killed variation),Essence Of Acolyte,Esencia del discípulo
enemy_data_option_title:slime-1,hover infobox title for enemy (killed variation),Essence Of Prince,Esencia del príncipe
enemy_data_option_title:angel-1,hover infobox title for enemy (killed variation),Essence Of Death,Esencia de la muerte
enemy_data_option_title:null-2,[DEPRECATED],+50% swordsman damage,+ 50 % de daño de espadachín
enemy_data_option_title:null-1,[DEPRECATED],+50% swordsman to click,+50 % de daño de espadachín por clic
resource_generator_label:CREEK,[verb] button action,Dredge,Escarbar
resource_generator_label:FOREST,[verb] button action,Scavenge,Hurgar
resource_generator_label:WILD,[verb] button action,Hunt,Cazar
resource_generator_label:CAVE,[verb] button action,Spelunk,Explorar la caverna
resource_generator_label:axe,button interaction,Craft Axe,Crear hacha
resource_generator_label:brick,button interaction,Bake Clay,Cocer arcilla
resource_generator_label:clay,button interaction,Dig Clay,Extraer arcilla
resource_generator_label:coal,[EMPTY],,
resource_generator_label:common,[EMPTY],,
resource_generator_label:compass,button interaction,Craft Compass,Crear brújula
resource_generator_label:beacon,button interaction // source of divine light (crafted with soul fragments aka soulstone),Craft Beacon,Crear almenara
resource_generator_label:soul,button interaction,Craft Soul,Crear almas
resource_generator_label:experience,[EMPTY],,
resource_generator_label:fiber,[EMPTY],,
resource_generator_label:firepit,button interaction,Craft Firepit,Crear fogata
resource_generator_label:flint,[EMPTY],,
resource_generator_label:food,[EMPTY],,
resource_generator_label:fur,[EMPTY],,
resource_generator_label:house,button interaction,Build a House,Construir una casa
resource_generator_label:iron,[EMPTY],,
resource_generator_label:iron_ore,[EMPTY],,
resource_generator_label:land,[verb] button action,Explore,Explorar
resource_generator_label:leather,[EMPTY],,
resource_generator_label:null,[EMPTY],,
resource_generator_label:pickaxe,button interaction,Craft Pickaxe,Crear pico
resource_generator_label:power,[EMPTY],,
resource_generator_label:rare,[EMPTY],,
resource_generator_label:shovel,button interaction,Craft Shovel,Crear pala
resource_generator_label:spear,button interaction,Craft Spear,Crear lanza
resource_generator_label:stone,button interaction,Mine Stone,Minar piedra
resource_generator_label:sword,button interaction,Make a Sword,Forjar una espada
resource_generator_label:swordsman,button interaction,Train a Swordsman,Entrenar a un espadachín
resource_generator_label:torch,button interaction,Make a Torch,Crear una antorcha
resource_generator_label:wood,button interaction,Chop Wood,Cortar madera
resource_generator_label:worker,[EMPTY],,
resource_generator_title:CREEK,button on hover infobox title,Dredge the Creek,Escarbar el arroyo
resource_generator_title:FOREST,button on hover infobox title,Scavenge the Forest,Hurgar en el bosque
resource_generator_title:WILD,button on hover infobox title,Hunt Beasts,Cazar bestias
resource_generator_title:CAVE,button on hover infobox title,Spelunk the Caves,Explorar las cavernas
resource_generator_title:axe,button on hover infobox title,Axe,Hacha
resource_generator_title:brick,button on hover infobox title,Bake Clay,Cocer arcilla
resource_generator_title:clay,button on hover infobox title,Dig Clay,Extraer arcilla
resource_generator_title:coal,button on hover infobox title,Coal,Carbón
resource_generator_title:common,[DEPRECATED],Button One,Botón uno
resource_generator_title:compass,button on hover infobox title,Compass,Brújula
resource_generator_title:beacon,button on hover infobox title,Starbright Beacon,Almenara brillante
resource_generator_title:soul,button on hover infobox title,A Soul,Un alma
resource_generator_title:experience,button on hover infobox title,Experience,Experiencia
resource_generator_title:fiber,button on hover infobox title,Fiber,Cuerda
resource_generator_title:firepit,button on hover infobox title,Firepit,Fogata
resource_generator_title:flint,button on hover infobox title,Flint,Sílex
resource_generator_title:food,button on hover infobox title,Food,Comida
resource_generator_title:fur,button on hover infobox title,Fur,Piel
resource_generator_title:house,button on hover infobox title,House,Casa
resource_generator_title:iron,button on hover infobox title,Iron,Hierro
resource_generator_title:iron_ore,button on hover infobox title,Iron Ore,Mineral de hierro
resource_generator_title:land,button on hover infobox title,Explore the Unknown,Explorar lo desconocido
resource_generator_title:leather,button on hover infobox title,Leather,Cuero
resource_generator_title:null,[DEPRECATED],,
resource_generator_title:pickaxe,button on hover infobox title,Pickaxe,Pico
resource_generator_title:power,button on hover infobox title,Power,Poder
resource_generator_title:rare,[DEPRECATED],Button Two,Botón dos
resource_generator_title:shovel,button on hover infobox title,Shovel,Pala
resource_generator_title:spear,button on hover infobox title,Spear,Lanza
resource_generator_title:stone,button on hover infobox title,Mine Stone,Minar piedra
resource_generator_title:sword,button on hover infobox title,Sword,Espada
resource_generator_title:swordsman,button on hover infobox title,Swordsman,Espadachín
resource_generator_title:torch,button on hover infobox title,Torch,Antorcha
resource_generator_title:wood,button on hover infobox title,Chop Wood,Cortar madera
resource_generator_title:worker,button on hover infobox title,Worker,Trabajador
resource_generator_flavor:CREEK,button on hover infobox description,The bottom of the shallow creek is ready for picking.,"El fondo del arroyo poco profundo está listo, busca en él."
resource_generator_flavor:FOREST,button on hover infobox description,Things are waiting to be found within.,Hay cosas esperando a ser desenterradas.
resource_generator_flavor:WILD,button on hover infobox description,The deep forest howls and screeches.,El bosque profundo aúlla y chilla.
resource_generator_flavor:CAVE,button on hover infobox description,"An abandoned mineshaft stretches through the hollow, dark caves.",Una galería de la mina abandonada se extiende por las cuevas vacías y oscuras.
resource_generator_flavor:axe,button on hover infobox description,"Sharp and loved, yet stained by blood.","Afilada y amada, también manchada de sangre."
resource_generator_flavor:brick,button on hover infobox description,"Brick by brick, humanity removes itself from nature.","Ladrillo a ladrillo, la humanidad se separa a sí misma de la naturaleza."
resource_generator_flavor:clay,button on hover infobox description,Pierce the muddy waters for their essence.,Hurga en las aguas lodosas para obtener su esencia.
resource_generator_flavor:coal,[EMPTY],,
resource_generator_flavor:common,button on hover infobox description,Go on an adventure for common resources.,Empieza una aventura para conseguir recursos cotidianos.
resource_generator_flavor:compass,button on hover infobox description,Navigate the umbral mists; new madness awaits.,Surca la niebla ensombrecida.
resource_generator_flavor:beacon,button on hover infobox description,Blueprints emerge from the mist of your memory. This needs... a soulstone?,Proyectos emergen de lo profundo de tu memoria. Esto requiere... ¿una piedra del alma?
resource_generator_flavor:soul,[EMPTY],,
resource_generator_flavor:experience,[EMPTY],,
resource_generator_flavor:fiber,[EMPTY],,
resource_generator_flavor:firepit,button on hover infobox description,"Warm, bright, soothing; like a parents caress.","Cálido, brillante, reconfortante; como la caricia de un padre."
resource_generator_flavor:flint,[EMPTY],,
resource_generator_flavor:food,[EMPTY],,
resource_generator_flavor:fur,[EMPTY],,
resource_generator_flavor:house,button on hover infobox description,Simple housing of squalid conditions. Safe.,Una casa simple de condiciones endebles. Segura.
resource_generator_flavor:iron,[EMPTY],,
resource_generator_flavor:iron_ore,[EMPTY],,
resource_generator_flavor:land,button on hover infobox description,Experience your new reality.,Vive tu nueva realidad.
resource_generator_flavor:leather,[EMPTY],,
resource_generator_flavor:null,[EMPTY],,
resource_generator_flavor:pickaxe,button on hover infobox description,Leads to riches and resentment alike.,Lleva tanto a la fortuna como al resentimiento.
resource_generator_flavor:power,[EMPTY],,
resource_generator_flavor:rare,button on hover infobox description,Explore the world for rare resources.,Explora el mundo y obtén recursos poco comunes.
resource_generator_flavor:shovel,button on hover infobox description,Digs up clay and corpses alike.,Desentierra arcilla y cadáveres también.
resource_generator_flavor:spear,button on hover infobox description,Go hunting into the wilderness.,Ir de caza al bosque salvaje.
resource_generator_flavor:stone,button on hover infobox description,Shatter monoliths of old; build a new world.,Haz pedazos los monolitos de la antigüedad; construye un nuevo mundo.
resource_generator_flavor:sword,button on hover infobox description,"Barbaric and crude, deadly nevertheless..","Salvaje y rudimentaria, aún así, mortal."
resource_generator_flavor:swordsman,button on hover infobox description,"No match for the black swordsman, but will fight against The Darkness for you.","No es rival para el espadachín negro, pero luchará contra La Oscuridad por ti."
resource_generator_flavor:torch,button on hover infobox description,Will guide the way during the night.,Guiará el camino durante la noche.
resource_generator_flavor:wood,button on hover infobox description,"Eventually, all humans shall die, and all trees shall be felled.","Eventualmente, todos los humanos morirán y los árboles caerán abatidos."
resource_generator_flavor:worker,[EMPTY],,
resource_generator_max_flavor:CREEK,[EMPTY],,
resource_generator_max_flavor:FOREST,[EMPTY],,
resource_generator_max_flavor:WILD,[EMPTY],,
resource_generator_max_flavor:axe,button on hover infobox description (after crafting it),Something wails amongst the trees.,Algo gimotea entre los árboles.
resource_generator_max_flavor:brick,[EMPTY],,
resource_generator_max_flavor:clay,[EMPTY],,
resource_generator_max_flavor:coal,[EMPTY],,
resource_generator_max_flavor:common,[EMPTY],,
resource_generator_max_flavor:compass,button on hover infobox description (after crafting it),Navigate past the forest... Into further darkness,Explorar más allá del bosque... En la lejana oscuridad.
resource_generator_max_flavor:beacon,button on hover infobox description (after crafting it),"Emitting radiant light, it cuts through the gloom. Seems to unveil the forbidden parts of the forest...","Emite luz brillante, abriéndose paso en la oscuridad. Parece revelar las zonas prohibidas del bosque."
resource_generator_max_flavor:soul,button on hover infobox description (after crafting it),I am... ready to be reborn.,Estoy... listo para renacer.
resource_generator_max_flavor:experience,[EMPTY],,
resource_generator_max_flavor:fiber,[EMPTY],,
resource_generator_max_flavor:firepit,button on hover infobox description (after crafting it),"It burns nice and warm, a light in the darkness.","Arde con belleza y calor, una luz en la oscuridad."
resource_generator_max_flavor:flint,[EMPTY],,
resource_generator_max_flavor:food,[EMPTY],,
resource_generator_max_flavor:fur,[EMPTY],,
resource_generator_max_flavor:house,[EMPTY],,
resource_generator_max_flavor:iron,[EMPTY],,
resource_generator_max_flavor:iron_ore,[EMPTY],,
resource_generator_max_flavor:land,[EMPTY],,
resource_generator_max_flavor:leather,[EMPTY],,
resource_generator_max_flavor:null,[EMPTY],,
resource_generator_max_flavor:pickaxe,button on hover infobox description (after crafting it),Do not dig too deep. They who dwell below won't be happy.,No excaves muy profundo. Aquellos que moran ahí abajo no estarán satisfechos.
resource_generator_max_flavor:power,[EMPTY],,
resource_generator_max_flavor:rare,[EMPTY],,
resource_generator_max_flavor:shovel,[EMPTY],,
resource_generator_max_flavor:spear,button on hover infobox description (after crafting it),"It is dangerous to go alone, take this.","Es peligroso ir solo, lleva esto."
resource_generator_max_flavor:stone,[EMPTY],,
resource_generator_max_flavor:sword,[EMPTY],,
resource_generator_max_flavor:swordsman,[EMPTY],,
resource_generator_max_flavor:torch,[EMPTY],,
resource_generator_max_flavor:wood,[EMPTY],,
resource_generator_max_flavor:worker,[EMPTY],,
resource_generator_display_name:CREEK,[noun] an in-game resource,Creek,Arroyo
resource_generator_display_name:FOREST,[noun] an in-game resource,Forest,Bosque
resource_generator_display_name:WILD,[noun] an in-game resource,Wild,Zona salvaje
resource_generator_display_name:axe,[noun] an in-game resource,Axe,Hacha
resource_generator_display_name:brick,[noun] an in-game resource,Brick,Ladrillo
resource_generator_display_name:clay,[noun] an in-game resource,Clay,Arcilla
resource_generator_display_name:coal,[noun] an in-game resource,Coal,Carbón
resource_generator_display_name:common,[DEPRECATED],Common,Común
resource_generator_display_name:compass,[noun] an in-game resource,Compass,Brújula
resource_generator_display_name:experience,[noun] an in-game resource,Experience,Experiencia
resource_generator_display_name:fiber,[noun] an in-game resource,Fiber,Cuerda
resource_generator_display_name:firepit,[noun] an in-game resource,Firepit,Fogata
resource_generator_display_name:flint,[noun] an in-game resource,Flint,Sílex
resource_generator_display_name:food,[noun] an in-game resource,Food,Comida
resource_generator_display_name:fur,[noun] an in-game resource,Fur,Piel
resource_generator_display_name:house,[noun] an in-game resource,House,Casa
resource_generator_display_name:iron,[noun] an in-game resource,Iron,Hierro
resource_generator_display_name:iron_ore,[noun] an in-game resource,Iron Ore,Mineral de hierro
resource_generator_display_name:land,[noun] an in-game resource,Land,Territorio
resource_generator_display_name:leather,[noun] an in-game resource,Leather,Cuero
resource_generator_display_name:null,[DEPRECATED],Null,Nada
resource_generator_display_name:pickaxe,[noun] an in-game resource,Pickaxe,Pico
resource_generator_display_name:power,[noun] an in-game resource,Power,Poder
resource_generator_display_name:rare,[DEPRECATED],Rare,Raro
resource_generator_display_name:shovel,[noun] an in-game resource,Shovel,Pala
resource_generator_display_name:spear,[noun] an in-game resource,Spear,Lanza
resource_generator_display_name:stone,[noun] an in-game resource,Stone,Piedra
resource_generator_display_name:sword,[noun] an in-game resource,Sword,Espada
resource_generator_display_name:swordsman,[noun] an in-game resource,Swordsman,Espadachín
resource_generator_display_name:torch,[noun] an in-game resource,Torch,Antorcha
resource_generator_display_name:wood,[noun] an in-game resource,Wood,Madera
resource_generator_display_name:worker,[noun] an in-game resource,Peasant,Aldeano
resource_generator_display_name:soulstone,[noun] an in-game resource,Soulstone,Piedra del alma
resource_generator_display_name:singularity,[noun] an in-game resource,Singularity,Singularidad
resource_generator_display_name:soul,[noun] an in-game resource,Soul,Alma
worker_role_title:clay_digger,work profession / in-game job category,Clay Digger,Arcillero
worker_role_title:coal_miner,work profession / in-game job category,Coal Miner,Minero (carbón)
worker_role_title:experience,work profession / in-game job category,Experience,Experiencia
worker_role_title:explorer,work profession / in-game job category,Explorer,Explorador
worker_role_title:explorerer,[DEPRECATED],Explorerer,Explorador
worker_role_title:hunter,work profession / in-game job category,Hunter,Cazador
worker_role_title:iron_miner,work profession / in-game job category,Iron Miner,Minero (hierro)
worker_role_title:iron_smelter,work profession / in-game job category,Iron Smelter,Fundidor
worker_role_title:lumberjack,work profession / in-game job category,Lumberjack,Leñador
worker_role_title:mason,work profession / in-game job category,Mason,Masón
worker_role_title:recruiter,[DEPRECATED],Recruiter,Reclutador
worker_role_title:sergeant,work profession / in-game job category,Sergeant,Sargento
worker_role_title:smelter,work profession / in-game job category,Clay Baker,Hornero
worker_role_title:stone_miner,work profession / in-game job category,Stone Miner,Picapedrero
worker_role_title:swordsman,work profession / in-game job category,Swordsman,Espadachín
worker_role_title:swordsmith,work profession / in-game job category,Swordsmith,Herrero
worker_role_title:tailor,[DEPRECATED],Tailor,Sastre
worker_role_title:tanner,work profession / in-game job category,Tanner,Curtidor
worker_role_title:torch_man,work profession / in-game job category,Torch Man,Antorchero
worker_role_title:wanderer,[DEPRECATED],Wanderer,Vagabundo
worker_role_title:worker,work profession / in-game job category,Peasant,Aldeano
worker_role_flavor:clay_digger,on hover infobox description,"The muddy lake keeps her secrets, for now.","El lago lodoso guarda sus secretos, por ahora."
worker_role_flavor:coal_miner,on hover infobox description,It takes a keen eye to spot some surface coal ore.,Se necesita de un ojo experto para reconocer el carbón superficial.
worker_role_flavor:experience,[EMPTY],,
worker_role_flavor:explorer,on hover infobox description,"The journey is long, but they know the way.","El viaje es largo, pero ellos conocen el camino."
worker_role_flavor:explorerer,[EMPTY],,
worker_role_flavor:hunter,on hover infobox description,"Will keep the food, but pay you back in fur.","Consumirá alimento, pero te pagará con pieles."
worker_role_flavor:iron_miner,on hover infobox description,Deep down in the caverns are sparkly rocks.,"En lo profundo de las cavernas, hay rocas brillantes."
worker_role_flavor:iron_smelter,on hover infobox description,Just provide materials and a small fur payment.,Solo págales con un poco de materiales y algo de piel.
worker_role_flavor:lumberjack,on hover infobox description,The big trees will not clear themselves.,Los árboles grandes no se talarán solos.
worker_role_flavor:mason,on hover infobox description,Skilled craftsmen.,Artesano hábil.
worker_role_flavor:recruiter,[EMPTY],,
worker_role_flavor:sergeant,on hover infobox description,Say couple fur is fair for my expertise.,Un par de pieles está bien por mi experiencia. 
worker_role_flavor:smelter,on hover infobox description,Sits next to firepit to take out bricks.,Se sienta junto a la fogata para sacar los ladrillos.
worker_role_flavor:stone_miner,on hover infobox description,"One rock, two rocks, here we go.","Una roca, dos rocas, aquí vamos."
worker_role_flavor:swordsman,on hover infobox description,Will fight against The Darkness for you.,Luchará contra La Oscuridad por ti.
worker_role_flavor:swordsmith,on hover infobox description,Yes we use fur as a currency.,"Sí, usamos la piel como moneda."
worker_role_flavor:tailor,[DEPRECATED],"Knits rope out of fiber, one piece at a time.","Teje una soga de la cuerda, una por vez."
worker_role_flavor:tanner,on hover infobox description,Knows how to skin an animal if you pay in fur.,Sabe cómo curtir un animal si le pagas con pieles.
worker_role_flavor:torch_man,on hover infobox description,Will prepare supplies for miners and explorers.,Alistará los implementos para mineros y exploradores.
worker_role_flavor:wanderer,[EMPTY],,
worker_role_flavor:worker,on hover infobox description,Scavenge and gather food wherever they can.,Hurga y recolecta cualquier alimento donde sea posible.
tab_data_titles:world,"names for village (in-game tab), sorted by size","["" Wilderness "", "" Forest Hovel "", "" Forest Camp "", "" Forest Hamlet "", "" Forest Village "", "" Forest Town "", "" Forest City "", "" Forest Capital "", "" Forest Metropolis "", "" Forest Megalopolis "", "" Forest Kingdom "", "" Forest Empire "", "" Forest Imperium ""]","["" Tierra salvaje "", "" Choza del bosque "", "" Campamento del bosque "", "" Caserío en el bosque "", "" Aldea en el bosque "", "" Pueblo en el bosque "", "" Ciudad en el bosque "", "" Capital del bosque "", "" Metrópolis del bosque "", "" Megalópolis del bosque "", "" Reino del bosque "", "" Imperio del bosque "", "" Gran imperio del bosque ""]"
tab_data_titles:manager,in-game tab title,"["" Population ""]","["" Población ""]"
tab_data_titles:enemy,in-game tab title,"["" Darkness ""]","["" Oscuridad ""]"
tab_data_titles:unknown,in-game tab title,"["" Unknown ""]","["" Desconocido ""]"
tab_data_titles:soul,in-game tab title,"["" Substance ""]","["" Sustancia del alma ""]"
tab_data_titles:starway,in-game tab title,"["" ??? "", "" Heart ""]","["" ??? "", "" Corazón ""]"
tab_data_titles:settings,in-game tab title (options shortcut),"["" @ ""]","["" @ ""]"
tab_data_titles:substance,in-game tab title,"["" Substance ""]","["" Sustancia del alma ""]"
event_data_text:automation,diary entry text,"Today, we herald the dawn of a new era... the age of automation!","Hoy, proclamamos el inicio de una nueva era... ¡la era de la automatización!"
event_data_text:cat_gift,diary entry text,"The frail cat wrought havoc in the storage. Somehow, after cleanup, we had a surplus of raw resources... twice as much.","El gato debilucho causó un caos en el almacén. De alguna forma, después de limpiar todo, tenemos algunos recursos extra... el doble."
event_data_text:cat_no_gift,diary entry text,The cat's offer seemed too suspicious. I dread to imagine what might have happened had I accepted.,El ofrecimiento del gato parecía muy sospechoso. Me aterra imaginar qué podría haber pasado si hubiera aceptado.
event_data_text:cat_intro_no,diary entry text,Though this twisted forest is all I know; I dare to call it home? Am I deceiving myself? The cat meows mockingly at my response.,"Aunque este retorcido bosque es todo lo que conozco, ¿me atrevo a llamarlo hogar? ¿Acaso me estoy engañando? El gato maúlla burlonamente con mi respuesta."
event_data_text:cat_intro_yes,diary entry text,I must admit that I am lost. The cat grinned before returning to its monotone face.,Debo admitir que estoy perdido. El gato sonrió antes de volver a su monótono rostro.
event_data_text:cat_scam,diary entry text,Did that creature fool me? I-I'm speechless. Perhaps trust is a fickle resource.,¿Acaso esa criatura me engañó? Estoy... Estoy sin palabras. Quizá la confianza es un recurso variable.
event_data_text:cat_watching,diary entry text,A cat-like thing lurks in the shadows. It brings me great unease to gaze upon it.,Algo como un gato acecha desde las sombras. Lo miro y la incomodidad me invade.
event_data_text:enemy_screen,diary entry text,Suspicious eyes emerge from the darkness. Their stare brings fear to my people.,Unos ojos desconfiados emergen de la oscuridad. Su mirada causa pavor en mi gente.
event_data_text:firepit_worker,diary entry text,"I met a quaint stranger, who found solace in my company. Together, we lit the fire. Its blaze revealed his faceless features, as he offered work for shelter.","Conocí a un forastero singular, quien encontró consuelo en mi compañía. Juntos, encendimos un fuego. Las llamas revelaron su figura sin rostro, mientras que se ofrecía a trabajar a cambio de refugio."
event_data_text:gift_flint_fiber,diary entry text,"Stumbled upon a long extinguished campfire. A remanent of life, which inspires hope. The debris contained: {0} fiber, {1} flint, {2} wood and {3} stone.","Me encontré con una gran hoguera extinta. Un remanente de vida, que inspira esperanza. Los restos contenían: {0} de cuerda, {1} de sílex, {2} de madera y {3} de piedra."
event_data_text:house_1,diary entry text,Lost people emerge from the forest. They will work in exchange for a place to sleep.,Unas personas que estaban perdidas emergen del bosque. Trabajarán a cambio de un lugar donde dormir.
event_data_text:house_100,diary entry text,"Life flourishes even in absolute darkness as the number of people grows. Children laugh and frolic, while the forest listens in.","La vida prospera incluso en la absoluta oscuridad a medida que el número de personas crece. Los niños ríen y juguetean, mientras el bosque escucha."
event_data_text:house_25,diary entry text,This forest hamlet is far superior to our paltry camp.,Este caserío del bosque es mucho mejor que nuestro ridículo campamento.
event_data_text:house_4,diary entry text,"I've left my mark deep within these trees, carving out a civilization. The brisk forest camp is getting more lively by the day.","Dejé mi marca muy profunda en el corazón de estos árboles. Tallaré una civilización. Este campamento en el bosque reboza actividad, es más vivo cada día."
event_data_text:house_capital,diary entry text,I declare this settlement the capital of the forest. Grow beyond this pestilent place and carve our name into this world.,Declaro este asentamiento la capital del bosque. Crecerá más allá de este pestilente lugar y tallaré nuestro nombre en este mundo.
event_data_text:house_city,diary entry text,"My town has expanded faster than I would have imagined, I might need help in managing all this.",Mi pueblo se ha expandido más rápido de lo que imaginé. Quizá necesite ayuda para manejar todo esto.
event_data_text:house_empire,diary entry text,People of the forest have bestowed me the title of their emperor. Things shall only continue to expand henceforth.,La gente del bosque me ha concedido el título de emperador. Las cosas solo continuarán expandiéndose de aquí en adelante.
event_data_text:house_imperium,diary entry text,"Today, I reflect upon the immense responsibility bestowed upon me by tens of billions, as the Emperor of the Forest Imperium.","Hoy, reflexiono sobre la inmensa responsabilidad que me concedieron diez mil millones, como el Emperador del Gran Imperio del Bosque."
event_data_text:house_kingdom,diary entry text,"I declare myself the king of these vast lands. Absolute power corrupts absolutely, they say?","Me declaro el rey de estas vastas tierras. El poder absoluto corrompe a uno por completo, ¿eso dicen?"
event_data_text:house_megalopolis,diary entry text,"Born from the womb of the void itself, a megalopolis has formed. It shall only grow basking in my golden light.","Nacida del vientre del mismísimo vacío, es ahora una megalópolis. Y crecerá siempre contenta bajo mi luz dorada."
event_data_text:house_metropolis,diary entry text,Millions of people... faceless humanoids... stand beside me. A red carpet guiding me into oblivion...,Millones de personas... humanoides sin rostro... están de mi lado. Una alfombra roja me guía al olvido...
event_data_text:house_town,diary entry text,My people pray and bow as I stroll through the streets. This can't be right?,Mi gente se persigna y se agacha mientras paso por las calles. ¿Debería ser así?
event_data_text:land_1,diary entry text,"There is a pleasant forest nearby, it smells like pine.","Hay un bosque cerca, parece agradable y huele a madera de pino."
event_data_text:land_10,diary entry text,There is coal in the rocky mountain area. Fortune has placed it right next to our settlement.,Hay carbón el en área de las montañas rocosas. La fortuna lo ha dispuesto justo al lado de nuestro asentamiento.
event_data_text:land_11,diary entry text,An old mining operation on the other side of the mountain. I can only wonder what poor creature slaved away in those conditions.,Una antigua mina en el otro lado de la montaña. Solo puedo imaginar a la pobre criatura trabajó como esclavo en estas condiciones.
event_data_text:land_spelunk,diary entry text,"The caverns beckon, their depths shrouded in darkness. Each step echoes with the weight of forgotten horrors.","Las cavernas llaman, sus profundidades envueltas en oscuridad. Se oye el eco de cada paso con el peso de horrores olvidados."
event_data_text:land_2,diary entry text,A shallow creek flows through the forest.,Un riachuelo bajo fluye por el bosque.
event_data_text:land_3,diary entry text,"My curiosity compels me to go deeper, and one day it shall lead to my downfall.","Mi curiosidad me invita a seguir avanzando, y un día me guiará hacia mi perdición."
event_data_text:land_4,diary entry text,The oaks and pines are standing tall. Shall I make a clearing here?,Los robles y los pinos se erigen imponentes. ¿Debería talar este lugar?
event_data_text:land_5,diary entry text,A mountain range stretches near the forest. I wonder if I can exploit that.,Una cadena de montañas se levanta cerca del bosque. Quizá pueda obtener algo de ellas.
event_data_text:land_6,diary entry text,There is a deep dark lake stretching along a muddy beach.,Hay un lago vasto y oscuro que se extiende al lado de una playa lodosa.
event_data_text:land_7,diary entry text,Growling sounds emerge from the deep dense parts of the forest. Nightmares weave deep inside my psyche.,Llegan aullidos desde las partes más densas del bosque. Las pesadillas se van hilando en lo profundo de mi psique.
event_data_text:land_8,diary entry text,"Vast lands stretch beyond the forest, but I will need a way to navigate them.","Vastas tierras se extienden más allá del bosque, pero necesitaré una forma de navegarlas."
event_data_text:land_9,diary entry text,"It is exhausting to explore new lands on my own. Sending out some of them instead, sounds like an idea.","Explorar los terrenos nuevos por mi cuenta es agotador. Mejor mandaré a algunos de ellos, suena bien."
event_data_text:land_debug,diary entry text,The Gods have gifted plenty of resources to help you in this showcase.,Los Dioses han concedido una gran cantidad de recursos para ayudarte en esta exhibición.
event_data_text:resource_generated,diary entry text,You generated {0} {1}.,Generaste {0} {1}.
event_data_text:zero,diary entry text,The world is dark and empty...,El mundo es oscuro y vacío...
event_data_text:darkness_1,diary entry text,"Moving deeper into the darkness, I notice my people behind me, faceless figurines... Did they ever bear any humanity?","Avanzando más en la oscuridad, veo personas detrás de mí, como estatuillas sin rostro... ¿Acaso tuvieron algo de humanidad?"
event_data_text:darkness_2,diary entry text,"As I move farther than ever before, my people are always one step behind me. Time and space seem twisted.","Cada día llego más lejos que el anterior, y mi gente siempre está un paso detrás mío. El tiempo y el espacio se sienten distorsionados."
event_data_text:darkness_3,diary entry text,"That wolf wasn't the first, and it won't be the last. Conquering it was exhausting, but I must go on.","El lobo no fue el primero, y no será el último. Conquistarlo fue agotador, pero debo continuar."
event_data_text:darkness_4,diary entry text,"Countless spirits swarm around the fallen abomination, yet none lay a hand on me. Could they be... afraid?","Una infinidad de espíritus se mueven alrededor de la abominación que yace en el suelo, pero ninguno me ofrece una mano. ¿Será que están... temerosos?"
event_data_text:darkness_5,diary entry text,"My head twists and churns, my sight expands and contracts. The dark forest paths lead me in circles. What, or who, is this maze keeping lost in here?","Mi cabeza se tuerce y da vueltas, mi vista se expande y se contrae. Los caminos del bosque oscuro me hacen caminar en círculos. ¿Qué o quién está siempre perdido en este laberinto?"
event_data_text:darkness_6,diary entry text,"The mighty dragon was acting as a guard dog of the castle gates. In the great hall, a colossal beast stretches into the infinite ceiling void.","El dragón poderoso se comportaba como un perro guardián de las puertas del castillo. En el gran salón, una bestia colosal se extiende en el vacío infinito."
event_data_text:darkness_7,diary entry text,"This has been too easy. No. There's something wrong, there must be. You...You are still here, aren't you?","Esto fue demasiado sencillo. No. Hay algo que no cuadra, debe haber. Tú... Tú sigues aquí, ¿cierto?"
event_data_text:darkness_8,diary entry text,"Countless entities gather along as I move towards the throne room. They seem to recognize me. The throne room awaits, my heart pounds.","Una infinidad de seres se acercan a medida que avanzo hacia la sala del trono. Parece que me reconocen. La sala del trono espera, mi corazón late con fuerza."
event_data_text:darkness_9,diary entry text,"The defeated slime smiles: ""You don't remember? Too long, you have been stuck... in this... form.""","La baba derrotada sonríe: ""¿No lo recuerdas? Por mucho tiempo, es que has estado estancado... en esta... forma""."
event_data_text:darkness_10,diary entry text,"I struck down Death itself, witnessing its ethereal form regenerate right before my eyes. It left behind a shimmering... Soulstone? I need... more.","Yo abatí a la mismísima Muerte, y fui testigo de cómo su etérea forma se regeneró justo frente a mis ojos. Dejó una centelleante... ¿piedra del alma? Necesito... más."
event_data_text:execute_1,diary entry text,I feel a power rush flowing through my body as I absorb the dark essence... it sears my flesh.,"Siento un poder intenso fluyendo por mi cuerpo, mientras absorbo la esencia oscura y... se quema mi carne."
event_data_text:execute_2,diary entry text,"I devoured the essence of the messenger. Bitter, chewy and somewhat rotten, it granted me flight nevertheless.","Yo devoré la esencia del mensajero. Amarga, correosa y un poco podrida, aun así me concedió el poder de volar."
event_data_text:execute_3,diary entry text,"That wicked beast's blasted essence granted me great speed. No matter how far I run, I always end up at the same place.","La esencia de esa malvada bestia condenada me otorgó una gran velocidad. No importa cuán lejos corra, siempre terminaré en el mismo lugar."
event_data_text:execute_4,diary entry text,"I absorbed countless spirits into my essence. They wail inside me, their droning echoes drowning out my thoughts.","He absorbido un sinfín de espíritus en mi esencia. Ellos gimen en mi interior, el eco de sus voces ahogan mis pensamientos."
event_data_text:execute_5,diary entry text,The Warden falls. I take what's rightfully mine. Consuming this essence gave me more limbs than fingers.,El Guardabosques es abatido. Tomo lo que es mío por derecho. Consumir esta esencia me dio más extremidades que dedos.
event_data_text:execute_6,diary entry text,"The essence of the dragon may singe the tongue with the flames of an inferno, but for its razing power, it's a worthy sacrifice.","La esencia del dragón quizá chamusque la lengua con llamas como las de un incendio, pero por su poder arrasador, merece el sacrificio."
event_data_text:execute_7,diary entry text,"Knowledge is power. The essence of that colossus has taught this, yet my own name remains a mystery that gnaws away at my sanity.","El conocimiento es poder. La esencia de ese coloso enseña eso, pero mi propio nombre permanece en tanto misterio que corroe mi cordura."
event_data_text:execute_8,diary entry text,As I feed on the essences of darkness... my mind... why does it feel so fragile yet so powerful?,Mientras más esencias de la oscuridad consumo... mi mente... ¿por qué se siente tan frágil y también tan poderosa?
event_data_text:execute_9,diary entry text,The essence of the prince is too lost in the amalgamation. Visions of the noble bloodline cloud my mind.,La esencia del príncipe es irreconocible en el amalgama. Visiones de la estirpe de los nobles nublan mi mente.
event_data_text:absolve_1,diary entry text,"From the rotten rabbit's womb, a saccharine spirit forms. It follows my steps gleefully.","Del vientre podrido del conejo, se forma un dulce espíritu. Sigue mis pasos con júbilo."
event_data_text:absolve_2,diary entry text,"From the carcass of the fallen bird, a new ally rises. They scout the paths ahead.","Del cadáver del ave caído, emerge un nuevo aliado. Patrulla los caminos por delante."
event_data_text:absolve_3,diary entry text,"The wolf lies on the rickety path, rearing its head for scritches. An ally to guide the path forward.","El lobo yace en el maltrecho camino, con la cabeza gacha para recibir una caricia. Un aliado quien quiará el camino de ahora en adelante."
event_data_text:absolve_4,diary entry text,"The spirits wail no longer, as reflections of them form upon patches of water. Children...",Los espíritus ya no gimen. Sus reflejos se ven en los charcos de agua. Niños...
event_data_text:absolve_5,diary entry text,"The absolved spider spirit follows me forward, its shimmering string lacing the path forward.","El espíritu absuelto de la araña me acompaña, su hilo resplandeciente se mezcla con el camino."
event_data_text:absolve_6,diary entry text,"The great dragon repays my mercy in kindness every day. It burns the dark path, its arcane breath enriching the soil. Lush greenery rises amongst the smoke and mist.","El gran dragón retribuye mi piedad con gentileza cada día. Él quema el camino oscuro, su aliento arcano enriquece el suelo.  Ubérrima flora crece tras el humo y la niebla."
event_data_text:absolve_7,diary entry text,I made peace with that towering beast. The newly gentle giant lifts me toward the throne room.,Hice las paces con la bestia imponente. El ahora gentil gigante me eleva hacia la sala del trono.  
event_data_text:absolve_8,diary entry text,The entity... the Acolyte... it wishes to talk? How come it feels so familiar? Why? Why? Why?,Este ser... el Discípulo... ¿quiere hablar? ¿Cómo es que parece tan familiar? ¿Por qué? ¿Por qué? ¿Por qué?
event_data_text:absolve_9,diary entry text,"The prince snickers at my mercy, though it agrees to entertain my folly and follow along.","El príncipe ríe un poco ante mi piedad, pero acepta seguirme el juego y acompañarme."
event_data_text:lore_beacon,diary entry text,"The lit beacon pierces the dark sky. For the first time, I can see the stars... breaking through the abyss and past the canopy.","La almenara encendida perfora el cielo oscuro. Por primera vez, puedo ver las estrellas... abriéndose paso por el abismo y más allá de las copas de los árboles."
event_data_text:heart_reveal,diary entry text,"Starlight illuminates the forbidden parts of the dark forest, revealing the source of the rhythmic pulse.","La luz de las estrellas ilumina las partes prohibidas del bosque oscuro, y revela el origen del pulso rítmico."
event_data_text:first_spirit,diary entry text,"The unshackled spirit merges with the swordsmen, infusing them with dark power.","El espíritu liberado se mezcla con los espadachines, infusionándolos en poder oscuro."
event_data_text:first_essence,diary entry text,"The devoured essence allows me to siphon the lifeforce of my swordsmen, enhancing my own lethal prowess.","La esencia devorada me permite apropiarme de la fuerza vital de mis espadachines, incrementando mi propio coraje letal."
event_data_text:soul_crafted,diary entry text,Is this... the end?,¿Esto es... el final?
npc_event_text:cat_intro,dialogue line (cat npc),I smell you from afar. Are you lost?,Te he olido desde lejos. ¿Estás perdido?
npc_event_text:cat_peek,[EMPTY],,
npc_event_text:cat_talk_A1,dialogue line (cat npc),I thought so. You are different... An unusual outsider.,Lo imaginé. Eres diferente... Un forastero poco común.
npc_event_text:cat_talk_A2,dialogue line (cat npc),It has been a long time since we had something like... your case.,Ha pasado mucho tiempo desde que vimos algo como... tu caso.
npc_event_text:cat_talk_A3,dialogue line (cat npc),We must not waste this. I will help you. Just this once.,No debemos desperdiciar esto. Te ayudaré. Solo esta vez.
npc_event_text:cat_talk_A4,dialogue line (cat npc),"I shall double your raw resources, say when. Do not wait too long...","Duplicaré tus recursos básicos, dime cuándo. No esperes demasiado..."
npc_event_text:cat_talk_A4_1,dialogue line (cat npc),Enjoy... use these wisely. I plan to... keep watch.,De nada... úsalos sabiamente. Planeo... seguir vigilando.
npc_event_text:cat_talk_A4_2,dialogue line (cat npc),Forsooth? Suit yourself. I'll be watching you...,¿En verdad? Haz lo que quieras. Estaré vigilándote.
npc_event_text:cat_talk_B1,dialogue line (cat npc),"Lying? How bold. Were you attempting to trick me, or yourself?","¿Una mentira? Qué atrevimiento. ¿A quién intentabas engañar, a mí o a ti?"
npc_event_text:cat_talk_B2,dialogue line (cat npc),The ForesSst... does not give rise to creatures like you.,El BosSque... no da la vida a criaturas como tú.
npc_event_text:cat_talk_B3,dialogue line (cat npc),Since you are so vain... I shall propose a deal.,Ya que eres tan seguro de ti... Te ofrezco un trato.
npc_event_text:cat_talk_B4,dialogue line (cat npc),Give me all your raw resources in exchange for a... blessing.,Dame todos tus recursos básicos a cambio de... una bendición.
npc_event_text:cat_talk_B4_1,dialogue line (cat npc),Your gift is... a lesson about trust.,Tu regalo es... una lección sobre la confianza.
npc_event_text:cat_talk_B4_1_2,dialogue line (cat npc),"You will thank me later... until then, I will be nearby...","Me lo agradecerás más tarde... hasta eso, estaré no muy lejos."
npc_event_text:cat_talk_B4_2,dialogue line (cat npc),Forsooth? How quaint you are. I will keep my eye on you...,¿En verdad? Qué singular eres. Mantendré mis ojos en ti...
npc_event_text:cat_talk_C0,dialogue line (cat npc),"You struck it down, all on your own... I underestimated you.","Lo abatiste, tú solo... Te subestimé."
npc_event_text:cat_intro_1,dialogue line (cat npc),"Your smell betrays your identity... You couldn't possibly be wholly human, now could you?","Tu olor delata tu identidad... No es posible que seas enteramente humano, ¿o sí?"
npc_event_text:cat_intro_1_1,dialogue line (cat npc),"How curious. You look familiar, yet your scent... Unrecognizable.","Qué curioso. Me resultas familiar, pero tu olor... Irreconocible."
npc_event_text:cat_intro_1_2,dialogue line (cat npc),"I will... keep my distance, for now.","Yo... me alejaré, por ahora."
npc_event_text:cat_intro_0,dialogue line (cat npc),Meow. Meow. *Purr*,Miau. Miau. *Purr*
npc_event_text:cat_soul_crafted,dialogue line (cat npc),I knew you could do it...,Sabía que podías hacerlo...
npc_event_text:cat_soul_crafted_1,dialogue line (cat npc),I will be taking that now.,"Ahora, me la llevaré."
npc_event_options:cat_intro,dialogue response options (cat npc),"[""Yes"", ""No""]","[""Sí"", ""No""]"
npc_event_options:cat_peek,dialogue response options (cat npc),[],[]
npc_event_options:cat_talk_A1,dialogue response options (cat npc),"[""?""]","[""?""],"
npc_event_options:cat_talk_A2,dialogue response options (cat npc),"[""?""]","[""?""],"
npc_event_options:cat_talk_A3,dialogue response options (cat npc),"[""?""]","[""?""],"
npc_event_options:cat_talk_A4,dialogue response options (cat npc),"[""Now"", ""Never""]","[""Ahora"", ""Nunca""]"
npc_event_options:cat_talk_A4_1,dialogue response options (cat npc),"[""Bye""]","[""Adiós""]"
npc_event_options:cat_talk_A4_2,dialogue response options (cat npc),"[""Bye""]","[""Adiós""]"
npc_event_options:cat_talk_B1,dialogue response options (cat npc),"[""?""]","[""?""]"
npc_event_options:cat_talk_B2,dialogue response options (cat npc),"[""?""]","[""?""]"
npc_event_options:cat_talk_B3,dialogue response options (cat npc),"[""?""]","[""?""]"
npc_event_options:cat_talk_B4,dialogue response options (cat npc),"[""Accept"", ""Deny""]","[""Aceptar"", ""Rechazar""]"
npc_event_options:cat_talk_B4_1,dialogue response options (cat npc),"[""?""]","[""?""]"
npc_event_options:cat_talk_B4_1_2,dialogue response options (cat npc),"[""Bye""]","[""Adiós""]"
npc_event_options:cat_talk_B4_2,dialogue response options (cat npc),"[""Bye""]","[""Adiós""]"
npc_event_options:cat_talk_C0,dialogue response options (cat npc),"["":)""]","["":)""]"
npc_event_options:cat_intro_1,dialogue response options (cat npc),"[""?""]","[""?""]"
npc_event_options:cat_intro_1_1,dialogue response options (cat npc),"[""?""]","[""?""]"
npc_event_options:cat_intro_1_2,dialogue response options (cat npc),"[""?""]","[""?""]"
npc_event_options:cat_intro_0,dialogue response options (cat npc),"[""?""]","[""?""]"
npc_event_options:cat_soul_crafted,dialogue response options (cat npc),"[""?""]","[""?""]"
npc_event_options:cat_soul_crafted_1,dialogue response options (cat npc),"[""No""]","[""No""]"
substance_text:spirit_rabbit_title,infobox title (after spare option),Spirit of a purified child,Espíritu de un infante purificado
substance_text:spirit_bird_title,infobox title (after spare option),Spirit of a swift courier,Espíritu de un mensajero veloz
substance_text:spirit_wolf_title,infobox title (after spare option),Spirit of a valiant defender,Espíritu de un defensor valiente
substance_text:spirit_void_title,infobox title (after spare option),Spirit of misshapen void,Espíritu del vacío deforme
substance_text:spirit_spider_title,infobox title (after spare option),Spirit of a dreamweaving warden,Espíritu de un guardabosques intérprete de sueños
substance_text:spirit_dragon_title,infobox title (after spare option),Spirit of a graceful guardian,Espíritu de un guardián elegante
substance_text:spirit_dino_title,infobox title (after spare option),Spirit of a volatile ambassador,Espíritu de un embajador colérico
substance_text:spirit_skeleton_title,infobox title (after spare option),Spirit of the Celestial Acolyte,Espíritu del Discípulo Celestial
substance_text:spirit_slime_title,infobox title (after spare option),Spirit of a wondrous and cursed prince,Espíritu de un príncipe asombroso y embrujado
substance_text:spirit_angel_title,infobox title (after spare option),Spirit of temperate death,Espíritu de la muerte calmada
substance_text:essence_rabbit_title,infobox title (after kill option),Essence of an innocuous child,Esencia de un infante innocuo
substance_text:essence_bird_title,infobox title (after kill option),Essence of a hopeless courier,Esencia de un mensajero inútil
substance_text:essence_wolf_title,infobox title (after kill option),Essence of a guilt-ridden defender,Esencia de un guardia que carga culpa
substance_text:essence_void_title,infobox title (after kill option),Essence of the shrieking void,Esencia de un vacío chillando
substance_text:essence_spider_title,infobox title (after kill option),Essence of a forgotten warden,Esencia de un guardabosques olvidado
substance_text:essence_dragon_title,infobox title (after kill option),Essence of a fallen guardian,Esencia de un guardián caído
substance_text:essence_dino_title,infobox title (after kill option),Essence of a doomed ambassador,Esencia de un embajador condenado al fracaso
substance_text:essence_skeleton_title,infobox title (after kill option),Essence of the ghastly Acolyte,Esencia de un Discípulo cadavérico
substance_text:essence_slime_title,infobox title (after kill option),Essence of a mad prince,Esencia de un príncipe loco
substance_text:essence_angel_title,infobox title (after kill option),Essence of pointless death,Esencia de una muerte sin sentido
substance_text:spirit_ambassador_info,infobox description (after spare option),This ancient colossal beast blocks the way towards the edge of the forest.,La antigua bestia colosal bloquea el camino hacia el lindero del bosque.
substance_text:essence_ambassador_info,infobox description (after kill option),"It stands alone by the forest's edge. Nobody leaves, nobody enters.","Está sola en el lindero del bosque. Nadie se va, nadie entra."
substance_text:spirit_rabbit_info,infobox description (after spare option),"Though sickly and on the brink of death, there is a faint smile forming on the face of the rabbit.","Aunque enfermo y a punto de morir, hay una sonrisa que se desvanece dibujada en el rostro del conejo."
substance_text:essence_rabbit_info,infobox description (after kill option),"Once an innocent heart, now forevermore tainted by but a drop of the abyss.","Alguna vez fue un corazón inocente, ahora mancillado para siempre por tan solo un soplo del abismo."
substance_text:spirit_bird_info,infobox description (after spare option),"Battered yet unbroken, the beast sends out the message of a warning. It echoes out deep into the forest.","Maltrecha pero no destruida, la bestia emite el mensaje de advertencia. El eco retumba hasta lo profundo del bosque."
substance_text:essence_bird_info,infobox description (after kill option),Its distant warbles spell tale of doom that can oft be heard from lands beyond this accursed forest.,Su canto distante relata una historia de desgracia que resuena en tierras alejadas de este bosque maldito.
substance_text:spirit_wolf_info,infobox description (after spare option),The once melancholic wolf found a new purpose under your care. Do not let it down.,El antes melancólico lobo ahora encontró un nuevo propósito al estar a tu cuidado. No lo decepciones.
substance_text:essence_wolf_info,infobox description (after kill option),"It wanders mindlessly, peering into the darkness for someone… or something…","Vaga sin penar, mirando en la oscuridad con curiosidad, buscando a alguien... o algo..."""
substance_text:spirit_void_info,infobox description (after spare option),"The amalgamation wails no longer, floating relaxedly by your side, humming a playful nursery rhyme.","El amalgama ya no gimotea. Flota relajado cerca a ti, canturreando una rima juguetona e infantil."""
substance_text:essence_void_info,infobox description (after kill option),"Creatio ex nihilo, it wails in remembrance of sweet inexistence.","""Creatio ex nihilo"", se lamenta, recordando la dulce inexistencia."
substance_text:spirit_spider_info,infobox description (after spare option),"She twirls her webs, blocking the infinite void ahead. The reflection on the strings provides pleasant dreams.","Ella tuerce sus telarañas, bloqueando el vacío infinito por delante. El reflejo en los hilos otorga agradables sueños."
substance_text:essence_spider_info,infobox description (after kill option),"She weaves webs of miracles and dreams, but coincidentally, has lost her own…","Ella teje telarañas de milagros y sueños, pero, coincidencia, ha perdido los suyos..."
substance_text:spirit_dragon_info,infobox description (after spare option),"Jailor-turned-custodian, its scales shimmer under the night sky, bathing the path ahead in their radiant glow.","Un carcelero que ahora es guardián, sus escamas brillan bajo el cielo nocturno, bañando el camino por delante con su brillo radiante."
substance_text:essence_dragon_info,infobox description (after kill option),"A feral beast it stood in life, now leashed by the darkness itself nevertheless.","Una bestia montaraz que destacó estando viva, aún así ahora está reprimida por la mismísima oscuridad."
substance_text:spirit_dino_info,infobox description (after spare option),"The predecessor to all life stands among you, no different than the other wandering spirits...","El predecesor de toda vida está frente a ti, tan igual como los otros espíritus vagabundos."
substance_text:essence_dino_info,infobox description (after kill option),"The origin of life remains a mystery to many, yet this one claims to know the answers...","El origen de la vida permanece oculto para muchos, pero este de aquí asegura conocer las respuestas..."
substance_text:spirit_skeleton_info,infobox description (after spare option),"Echoing whispers whimpering about hope surround it: ""The outcomes of all things are written in the bones...""","Ecos de susurros que gimen en búsqueda de la esperanza lo rodean: ""Los finales de todas las cosas están tallados en los huesos..."" "
substance_text:essence_skeleton_info,infobox description (after kill option),"It trudged upon the winding dirt path, begging and praying for mercy to the stars above...","Caminó arduamente por el serpenteante y polvoriento camino, rezando y rogando por piedad a las estrellas de allá arriba..."
substance_text:spirit_slime_info,infobox description (after spare option),"Despite the countless failures, this slime tries still to regain its royal form.","A pesar de los incontables fracasos, esta baba intenta recuperar su forma real."
substance_text:essence_slime_info,infobox description (after kill option),"Even in death, its shapeless form pulsates softly. Beseeching you for true death.","Incluso en la muerte, su deforme cuerpo palpita ligeramente. Te ruega que lo mates de verdad."
substance_text:spirit_angel_info,infobox description (after spare option),"This one, they point towards themselves, ""was not worthy of mercy.""","Este, apuntan a sí mismos, no fue digno de piedad""."""
substance_text:essence_angel_info,infobox description (after kill option),"Death arrives to all equally, a truth that brings comfort to some and fear to others.","La muerte llega a todos por igual, una verdad que reconforta a algunos pero asusta a otros."
substance_text:heart_title,infobox title,Heart Of The Dark Forest,Corazón de El Bosque Oscuro
substance_text:heart_info,infobox description,"+100% - Umbral mist seeps through the severed veins, transmuting nearby matter...","+100 % - La niebla de sombras penetra mis venas cortadas, transmutando la materia cercana..."
substance_text:flesh_title,infobox title,Flesh Of The Dark Forest,Carne de El Bosque Oscuro
substance_text:flesh_info,infobox description,"+1% - 1 in 10 - Pulses faintly under your touch, as if it carries the heartbeat of the woods themselves.","+1 % - 1 de 10 - Palpita débilmente al tocarla, como si llevara consigo el latir de los mismísimos árboles."
substance_text:eye_title,infobox title,Eye Of The Dark Forest,Ojo de El Bosque Oscuro
substance_text:eye_info,infobox description,"+5% - 1 in 100 - The eye peers into the abyss, unveiling hidden truths buried deep within the shadows.","+5 % - 1 en 100 - El ojo mira con curiosidad en el abismo, revelando verdades prohibidas enterradas en lo profundo de las sombras."
substance_text:bone_title,infobox title,Bones Of The Dark Forest,Huesos de El Bosque Oscuro
substance_text:bone_info,infobox description,+50% - 1 in 1000 - The ancient bones of the unknown whisper of forgotten curses.,+50 % - 1 en 1000 - Los antiguos huesos de lo desconocido susurran maldiciones olvidadas
substance_text:the_hermit_title,tarot card title,The Hermit,El Ermitaño
substance_text:the_hermit_info,tarot card infobox description,"Forest clicks scale with Experience. Unlocks ""Strength"" charm.","Los recursos del bosque aumentan con Experiencia. Desbloquea el talismán ""La Fuerza""."
substance_text:the_emperor_title,tarot card title,The Emperor,El Emperador
substance_text:the_emperor_info,tarot card infobox description,"Unlocks cascading assignment in Population. Unlocks ""Hierophant"" charm.","Desbloquea la asignación en cascada en Población. Desbloquea el talismán ""El Hierofante""."
substance_text:the_empress_title,tarot card title,The Empress,La Emperatriz
substance_text:the_empress_info,tarot card infobox description,"Population works twice as fast. Unlocks ""The Chariot"" charm.","La población trabaja a doble ritmo. Desbloquea el talismán ""El Carro""."
substance_text:the_world_title,tarot card title,The World,El Mundo
substance_text:the_world_info,tarot card infobox description,"Forest clicks can drop new ""Shadow"" substances. Unlocks ""Wheel of Fortune"" charm.","Los recursos del bosque pueden contener nuevas sustancias tipo ""Sombra"". Desbloquea el talismán ""La Rueda de La Fortuna""."
substance_text:the_tower_title,tarot card title,The Tower,La Torre
substance_text:the_tower_info,tarot card infobox description,Houses can hold twice as many people.,Las casas pueden albergar el doble de personas.
substance_text:strength_title,tarot card title,Strength,La Fuerza
substance_text:strength_info,tarot card infobox description,"Forest clicks scale with Peasants. Unlocks ""Temperance"" charm.","Los recursos del bosque se incrementan con Aldeanos. Desbloquea el talismán ""La Templanza""."
substance_text:the_hierophant_title,tarot card title,The Hierophant,El Hierofante
substance_text:the_hierophant_info,tarot card infobox description,"Automated Mason assignment in Population. Unlocks ""The Hanged Man"" charm.","Asignación masónica automática en la Población. Desbloquea el talismán ""El Colgado""."
substance_text:the_chariot_title,tarot card title,The Chariot,El Carro
substance_text:the_chariot_info,tarot card infobox description,"Swordsmen attack twice as fast. Unlocks ""Judgement"" charm.","Los espadachines atacan el doble de rápido. Desbloquea el talismán ""El Juicio Final""."
substance_text:wheel_of_fortune_title,tarot card title,Wheel of Fortune,La Rueda de la Fortuna
substance_text:wheel_of_fortune_info,tarot card infobox description,"Shadow substances drop twice as often. Unlocks ""Death"" charm.","Se obtienen sustancias tipo sombra dos veces más seguido. Desbloquea el talismán ""La Muerte""."
substance_text:temperance_title,tarot card title,Temperance,Templanza
substance_text:temperance_info,tarot card infobox description,"Cooldowns in the Forest are 1 second. Unlocks ""The Magician"" charm.","Los tiempos de recarga en el Bosque son de 1 segundo. Desbloquea el talismán ""El Mago""."
substance_text:judgement_title,tarot card title,Judgement,El Juicio Final
substance_text:judgement_info,tarot card infobox description,Automatically decide the fate of defeated enemies.,Decide automáticamente el destino de los enemigos abatidos.
substance_text:the_hanged_man_title,tarot card title,The Hanged Man,El Colgado
substance_text:the_hanged_man_info,tarot card infobox description,Freemasonry does automated Sergeant assignment after houses are infinite.,La Masonería asigna automáticamente sargentos después de que las casas sean infinitas.
substance_text:death_title,tarot card title,Death,La Muerte
substance_text:death_info,tarot card infobox description,Reap automated Heart rewards from the best timeline.,Cosecha automáticamente las recompensas de Corazón de la mejor línea de tiempo.
substance_text:the_magician_title,tarot card title,The Magician,El Mago
substance_text:the_magician_info,tarot card infobox description,"Learn ""Harvest Forest"", click all forest buttons at once.","Aprende ""Cosechar bosque"", presiona todos los botones del bosque al mismo tiempo."
substance_text:the_fool_title,[DEPRECATED],The Fool,El Loco
substance_text:the_fool_info,[DEPRECATED],The Fool,El Loco
substance_text:the_high_priestess_title,prototype release 1.3,The High Priestess,El Sumo Sacerdote
substance_text:the_high_priestess_info,prototype release 1.3,Soulstone harvest is multiplied by total number of collected singularities.,La cosecha de piedra del alma se multiplica por el número total de singularidades obtenidas.
substance_text:the_lovers_title,[DEPRECATED],The Lovers,Los Enamorados
substance_text:the_lovers_info,[DEPRECATED],The Lovers,Los Enamorados
substance_text:justice_title,[DEPRECATED],Justice,La Justicia
substance_text:justice_info,[DEPRECATED],Justice,La Justicia
substance_text:the_devil_title,[DEPRECATED],The Devil,El Diablo
substance_text:the_devil_info,[DEPRECATED],The Devil,El Diablo
substance_text:the_star_title,[DEPRECATED],The Star,La Estrella
substance_text:the_star_info,[DEPRECATED],The Star,La Estrella
substance_text:the_moon_title,[DEPRECATED],The Moon,La Luna
substance_text:the_moon_info,[DEPRECATED],The Moon,La Luna
substance_text:the_sun_title,[DEPRECATED],The Sun,El Sol
substance_text:the_sun_info,[DEPRECATED],The Sun,El Sol
substance_text:the_fool_craft_icon,tarot card roman number,O,O
substance_text:the_magician_craft_icon,tarot card roman number,I,I
substance_text:the_high_priestess_craft_icon,tarot card roman number,II,II
substance_text:the_empress_craft_icon,tarot card roman number,III,III
substance_text:the_emperor_craft_icon,tarot card roman number,IV,IV
substance_text:the_hierophant_craft_icon,tarot card roman number,V,V
substance_text:the_lovers_craft_icon,tarot card roman number,VI,VI
substance_text:the_chariot_craft_icon,tarot card roman number,VII,VII
substance_text:strength_craft_icon,tarot card roman number,VIII,VIII
substance_text:the_hermit_craft_icon,tarot card roman number,IX,IX
substance_text:wheel_of_fortune_craft_icon,tarot card roman number,X,X
substance_text:justice_craft_icon,tarot card roman number,XI,XI
substance_text:the_hanged_man_craft_icon,tarot card roman number,XII,XII
substance_text:death_craft_icon,tarot card roman number,XIII,XIII
substance_text:temperance_craft_icon,tarot card roman number,XIV,XIV
substance_text:the_devil_craft_icon,tarot card roman number,XV,XV
substance_text:the_tower_craft_icon,tarot card roman number,XVI,XVI
substance_text:the_star_craft_icon,tarot card roman number,XVII,XVII
substance_text:the_moon_craft_icon,tarot card roman number,XVIII,XVIII
substance_text:the_sun_craft_icon,tarot card roman number,XIX,XIX
substance_text:judgement_craft_icon,tarot card roman number,XX,XX
substance_text:the_world_craft_icon,tarot card roman number,XXI,XXI
substance_category_text:charm,items category title - grant in-game bonus effects (craft with prestige currency),Charm,Talismán
substance_category_text:shadow,items category title - grant in-game bonus effects (random drops),Shadow,Sombra
substance_category_text:spirit,items category title - grant in-game bonus effects (enemy drops),Spirit,Espíritu
substance_category_text:essence,items category title - grant in-game bonus effects (enemy drops),Essence,Esencia
ui_label:audio_title,options menu options category label,Audio,Sonido
ui_label:effects_title,options menu options category label,Effects,Efectos
ui_label:display_title,options menu options category label,Display,Resolución
ui_label:infinity,"max amount quanity (1) e.g. ""Wood: Infinity""",Infinity,∞
ui_label:max,"max amount quanity (2) e.g. ""Wood: Infinity (MAX)""",MAX,MAX
ui_label:on,toggle option label (1),On,On
ui_label:off,toggle option label (2),Off,Off
ui_label:heart,[noun] special in-game resource,Heart,Corazón
ui_label:flesh,[noun] special in-game resource,Flesh,Carne
ui_label:eye,[noun] special in-game resource,Eye,Ojo
ui_label:bone,[noun] special in-game resource,Bone,Hueso
ui_label:settings,in-game options tab label,Settings,Configuración
ui_label:credits,in-game credits tab label,Credits,Créditos
ui_label:license,in-game license tab label,License,Licencia
role:programming,credits category title,Programming,Programación
role:art,credits category title,Art,Arte
role:music,credits category title,Music,Música
role:localization,credits category title,Localization,Localización
role:writing_narrative,credits category title,Writing & Narrative,Redacción y narrativa
role:publishing_management,credits category title,Publishing & Management,Publicación y administración 
credit:lead,credit role descriptor,Lead,Líder
credit:help,credit role descriptor,Help,Ayuda
credit:bugfix,credit role descriptor,Bugfix,Corrección de errores
credit:tracks,credit role descriptor,tracks,pistas
credit:polish,localization language descriptor,Polish,Polaco
credit:portuguese,localization language descriptor,Portuguese,Portugués
credit:french,localization language descriptor,French,Francés
credit:chinese,localization language descriptor,Chinese,Chino
credit:review,credit role descriptor,Review,Revisor
credit:steam,publishing platform,Steam,Steam
credit:itch,publishing platform,Itch,Itch
credit:theme,game theme,Theme,Tema
credit:shader,game shader script,Shader,Shader
credit:writing,credit role descriptor,Writing,Escritor
credit:external,"assets not contributed by credited *, but outsourced",External,Externo
ui_label:seconds,Time unit label (e.g. 5 seconds),seconds,segundos
credit:trailer,Steam Page Game Trailer,Trailer,Trailer
credit:thai,localization language descriptor,Thai,Tailandés
credit:ukrainian,localization language descriptor,Ukrainian,Ucraniano
